Workbook

Sheet Importacao
A1: id_produto | B1: nome_produto | C1: data_programada | D1: data_saida | E1: id_peca | F1: nome_peca | G1: serial | H1: setor_fabrica | I1: vira_peca? | J1: data_fabricacao
A2: CI-2-08 - P1 | B2: Monobloco Circulacao | C2: 07/09/2026 | D2: 11/09/2026 | E2: EST-TETO-P | F2: =IFERROR(VLOOKUP(E2,Listas!$A$2:$B$9,2,FALSE()),"") -> Estrutura Teto Padrão | G2: 1174203 | H2: Célula de Estruturas | I2: SIM | J2: 29/07/2026
A3: CI-2-08 - P1 | B3: Monobloco Circulacao | C3: 07/09/2026 | D3: 11/09/2026 | E3: TETO-GRC-P | F3: =IFERROR(VLOOKUP(E3,Listas!$A$2:$B$9,2,FALSE()),"") -> Teto GRC Padrão | G3: 1174213 | H3: GRC | J3: 29/07/2026
A4: CI-2-08 - P1 | B4: Monobloco Circulacao | C4: 07/09/2026 | D4: 11/09/2026 | E4: EST-PISO-E | F4: =IFERROR(VLOOKUP(E4,Listas!$A$2:$B$9,2,FALSE()),"") -> Estrutura Piso Específico | G4: 1171163 | H4: Célula de Estruturas | I4: NAO | J4: 28/07/2026
A5: CI-2-08 - P1 | B5: Monobloco Circulacao | C5: 07/09/2026 | D5: 11/09/2026 | E5: E-A11-CI03 | F5: Painel CAD | G5: 1171166 | H5: CAD | J5: 22/07/2026
F6: =IFERROR(VLOOKUP(E6,Listas!$A$2:$B$9,2,FALSE()),"")
F7: =IFERROR(VLOOKUP(E7,Listas!$A$2:$B$9,2,FALSE()),"")
F8: =IFERROR(VLOOKUP(E8,Listas!$A$2:$B$9,2,FALSE()),"")
F9: =IFERROR(VLOOKUP(E9,Listas!$A$2:$B$9,2,FALSE()),"")
F10: =IFERROR(VLOOKUP(E10,Listas!$A$2:$B$9,2,FALSE()),"")
F11: =IFERROR(VLOOKUP(E11,Listas!$A$2:$B$9,2,FALSE()),"")
F12: =IFERROR(VLOOKUP(E12,Listas!$A$2:$B$9,2,FALSE()),"")
F13: =IFERROR(VLOOKUP(E13,Listas!$A$2:$B$9,2,FALSE()),"")
F14: =IFERROR(VLOOKUP(E14,Listas!$A$2:$B$9,2,FALSE()),"")
F15: =IFERROR(VLOOKUP(E15,Listas!$A$2:$B$9,2,FALSE()),"")
F16: =IFERROR(VLOOKUP(E16,Listas!$A$2:$B$9,2,FALSE()),"")
F17: =IFERROR(VLOOKUP(E17,Listas!$A$2:$B$9,2,FALSE()),"")
... F1001: =IFERROR(VLOOKUP(E1001,Listas!$A$2:$B$9,2,FALSE()),"")

Sheet Listas
A1: id_peca | B1: nome_peca
A2: EST-PISO-P | B2: Estrutura Piso Padrão
A3: PISO-CAD-P | B3: Piso CAD Padrão
A4: EST-PISO-E | B4: Estrutura Piso Específico
A5: PISO-CAD-E | B5: Piso CAD Específico
A6: EST-TETO-E | B6: Estrutura Teto Específico
A7: TETO-GRC-E | B7: Teto GRC Específico
A8: EST-TETO-P | B8: Estrutura Teto Padrão
A9: TETO-GRC-P | B9: Teto GRC Padrão

Sheet Instrucoes
A1: COMO PREENCHER - IMPORTAÇÃO VISIA
A3: data_programada: ENTRADA do módulo na linha (dd/mm/aaaa).
A4: data_saida (NOVO, fundo amarelo): SAÍDA do módulo da linha (dd/mm/aaaa). Usada no gráfico de Gantt.
A5: -> Repita a mesma entrada e saída em todas as linhas do mesmo produto.
A7: id_peca: escolha um dos 8 códigos padrão no dropdown OU digite outro (ex: painéis E-A11-CI03).
A8: nome_peca (fundo azul): preenche sozinho para os códigos padrão. Para os padrões o nome é travado na importação.
A10: vira_peca? (SIM/NAO) — só para estruturas:
A11: SIM -> vira a peça da LINHA LOGO ABAIXO. NAO -> individual, vai direto para a Montagem.
A13: data_fabricacao: o dia em que a peça é fabricada (aparece como marcador no Gantt).
